{
  "models": [
    "LogReg",
    "RandomForest",
    "XGBoost"
  ],
  "weights": [
    0.3333333333333333,
    0.3333333333333333,
    0.3333333333333333
  ],
  "threshold": 0.3524074800285733,
  "per_model_thresholds": {
    "LogReg": 0.42576881626289753,
    "RandomForest": 0.19,
    "XGBoost": 0.42996126413345337
  },
  "val_metrics": {
    "LogReg": {
      "acc": 0.9750673854447439,
      "auc": 0.9916772134663232,
      "p": 0.995190205509401,
      "r": 0.9432242022378782,
      "f1": 0.9685106382978723,
      "thr": 0.42576881626289753
    },
    "RandomForest": {
      "acc": 0.9861859838274932,
      "auc": 0.9977824370994515,
      "p": 1.0,
      "r": 0.966017405719022,
      "f1": 0.9827150084317032,
      "thr": 0.19
    },
    "XGBoost": {
      "acc": 0.9880390835579514,
      "auc": 0.9976275729476031,
      "p": 0.9987223168654173,
      "r": 0.9718193120596768,
      "f1": 0.9850871665616467,
      "thr": 0.42996126413345337
    },
    "SoftVote": {
      "acc": 0.9866913746630728,
      "auc": 0.9978006114340209,
      "p": 1.0,
      "r": 0.967260671363448,
      "f1": 0.983357910259111,
      "thr": 0.3524074800285733
    }
  }
}